{
  "created_at": "2025-12-14T19:20:36.666948",
  "img_size": [
    128,
    128
  ],
  "num_classes": 5,
  "class_indices": {
    "Heart": 0,
    "Oblong": 1,
    "Oval": 2,
    "Round": 3,
    "Square": 4
  },
  "metrics": {
    "test_loss": 1.4874966144561768,
    "test_accuracy": 0.34700000286102295,
    "confusion_matrix": [
      [
        38,
        95,
        5,
        13,
        49
      ],
      [
        8,
        150,
        2,
        6,
        34
      ],
      [
        25,
        80,
        12,
        27,
        56
      ],
      [
        10,
        39,
        16,
        50,
        85
      ],
      [
        11,
        72,
        4,
        16,
        97
      ]
    ],
    "class_indices": {
      "Heart": 0,
      "Oblong": 1,
      "Oval": 2,
      "Round": 3,
      "Square": 4
    }
  }
}